新北市,國立臺灣大學醫學院附設醫院金山分院,新北市金山區五湖里玉爐路7號
新北市,中英醫療社團法人中英醫院,新北市板橋區文化路1段196號1-4樓
新北市,中英醫療社團法人板英醫院,新北市板橋區文化路1段267、269、271號1-4樓
新北市,板新醫院,新北市板橋區中正路189號
新北市,板橋中興醫院,新北市板橋區忠孝路15號
新北市,板橋國泰醫院,新北市板橋區忠孝路5，7，9，11號1-3樓
新北市,新中興診所,新北市板橋區民生路1段3號7樓
新北市,蕭中正醫院,新北市板橋區南雅南路1段15-1，17，19號
新北市,醫療財團法人徐元智先生醫藥基金會亞東紀念醫院,新北市板橋區南雅南路2段21號及高爾富路300號
新北市,國泰醫療財團法人汐止國泰綜合醫院,新北市汐止區建成路59巷2號地下4樓至地上12樓
新北市,仁佑診所,新北市新店區中正路396號1樓398號1樓
新北市,天主教耕莘醫療財團法人耕莘醫院,新北市新店區中正路362號、新北市新店區車子路15號
新北市,同仁醫院,新北市新店區民權路89號
新北市,佛教慈濟醫療財團法人台北慈濟醫院,新北市新店區建國路289號
新北市,新北仁康醫院,新北市新店區安康路2段323號地上1至2樓B棟
新北市,豐榮醫院,新北市新店區安德街26巷3號(B棟)
新北市,天主教耕莘醫療財團法人永和耕莘醫院,新北市永和區中興街80號Ｂ1-7樓、國光路123號Ｂ3-11樓
新北市,永和復康醫院,新北市永和區中和路575、577、579號1至4樓
新北市,中祥醫院,新北市中和區中山路2段138號2-4樓、140號及142號1-4樓
新北市,怡和醫院,新北市中和區連城路49號1至4樓
新北市,孫國勝外科診所,新北市中和區景平路726之4號1樓
新北市,祥顥醫院,新北市中和區景平路412、412之1號1至5樓
新北市,劍橋診所,新北市中和區建一路150號9樓之4
新北市,衛生福利部雙和醫院(委託臺北醫學大學興建經營),新北市中和區中正路291號
新北市,仁安醫院,新北市土城區中央路1段62．64號
新北市,元復醫院,新北市土城區中央路二段318.320.322.324號1至4樓
新北市,恩樺醫院,新北市土城區中央路一段7-18號地下1樓、1樓、2樓、4至10樓
新北市,新北市立土城醫院（委託長庚醫療財團法人興建經營）,金城路2段6號
新北市,廣川醫院,新北市土城區裕民路274、276、278號
新北市,行天宮醫療志業醫療財團法人恩主公醫院,新北市三峽區復興路399號、中山路198號
新北市,清福醫院,新北市三峽區介壽路一段286號E棟2樓
新北市,仁愛醫院,新北市樹林區文化街9號
新北市,三重中興醫院,新北市三重區中興北街21號
新北市,宏仁醫院,新北市三重區三和路2段186-196號
新北市,祐民醫院,新北市三重區重新路2段2、6號，地下1層至地上9層
新北市,新北市立聯合醫院,新北市三重區新北大道1段3號、3之1號、板橋區英士路198號
新北市,新仁醫療社團法人新仁醫院,新北市新莊區中正路395號1-5樓
新北市,新泰綜合醫院,新北市新莊區新樹路176號
新北市,衛生福利部臺北醫院,新北市新莊區思源路127號
新北市,衛生福利部樂生療養院,新北市新莊區中正路794號、桃園縣龜山鄉萬壽路1段50巷2號
新北市,輔仁大學學校財團法人輔仁大學附設醫院,新北市泰山區貴子路69號（地下4層、地上1至9層及13層）
新北市,宜興診所,新北市蘆洲區永樂街38巷42弄6號1樓及地下1樓
新北市,台灣基督長老教會馬偕醫療財團法人淡水馬偕紀念醫院,新北市淡水區民生路45號
宜蘭縣,宜蘭仁愛醫療財團法人宜蘭仁愛醫院,宜蘭縣宜蘭市中山路2段260號
宜蘭縣,國立陽明交通大學附設醫院,宜蘭縣宜蘭市新民路152號
宜蘭縣,開蘭安心診所,宜蘭縣宜蘭市神農路1段93號1樓、95號1、2樓、97號1樓、99號1樓
宜蘭縣,天主教靈醫會醫療財團法人礁溪杏和醫院,宜蘭縣礁溪鄉礁溪路四段129號
宜蘭縣,臺北榮民總醫院員山分院,宜蘭縣員山鄉榮光路386號
宜蘭縣,天主教靈醫會醫療財團法人羅東聖母醫院,宜蘭縣羅東鎮中正南路160號
宜蘭縣,醫療財團法人羅許基金會羅東博愛醫院,宜蘭縣羅東鎮南昌街81、83號及站前南路61、63號
宜蘭縣,建生診所,宜蘭縣蘇澳鎮中山路一段218號1樓
宜蘭縣,臺北榮民總醫院蘇澳分院,宜蘭縣蘇澳鎮蘇濱路1段301號
桃園市,中美醫院,桃園市中壢區中美路95號1-3樓(含1樓夾層)
桃園市,中壢長榮醫院,桃園市中壢區環中東路150號
桃園市,天成醫療社團法人天晟醫院,桃園市中壢區延平路155號
桃園市,長慎醫院,桃園市中壢區中山東路二段525號1─2樓
桃園市,祐民醫院,桃園市中壢區五權里民族路二段180號
桃園市,敦仁診所,桃園市中壢區忠孝路14號、16號、18號1樓
桃園市,華揚醫院,桃園市中壢區中北路二段316號
桃園市,新國民醫療社團法人新國民醫院,桃園市中壢區復興路152號
桃園市,懷寧醫院,桃園市中壢區志廣路119號，地下4樓至地上3樓，5樓，10樓11樓
桃園市,陽明醫院,桃園市平鎮區延平路二段56號
桃園市,新永和醫院,桃園市平鎮區延平路一段81號
桃園市,聯新國際醫院,桃園市平鎮區廣泰路77號
桃園市,國軍桃園總醫院附設民眾診療服務處,桃園市龍潭區中興里中興路168號
桃園市,國家中山科學研究院石園診所,桃園市龍潭區文化路六巷35號1樓至3樓
桃園市,龍潭敏盛醫院,桃園市龍潭區中豐路168號
桃園市,天成醫院,桃園市楊梅區新成路196號、中山北路一段356號
桃園市,怡仁綜合醫院,桃園市楊梅區楊新北路321巷30號
桃園市,衛生福利部桃園醫院新屋分院,桃園市新屋區新屋村14鄰新福二路6號
桃園市,沙爾德聖保祿修女會醫療財團法人聖保祿醫院,桃園市桃園區建新街123號
桃園市,敏盛綜合醫院,桃園市桃園區經國路168號
桃園市,臺北榮民總醫院桃園分院,桃園市桃園區成功路三段100號
桃園市,德仁醫院,桃園市桃園區桃鶯路245號
桃園市,衛生福利部桃園醫院,桃園市桃園區中山路1492號
桃園市,聯新國際醫院桃新分院,桃園市桃園區復興路195號
桃園市,大明醫院,桃園市龜山區龜山里萬壽路二段964號、966號
桃園市,大魏診所,桃園市龜山區萬壽路二段1102號1、2樓
桃園市,長庚醫療財團法人林口長庚紀念醫院,桃園市龜山區公西里復興街5號、5之7號、文化一路15號
桃園市,長庚醫療財團法人桃園長庚紀念醫院,桃園市龜山區頂湖路123號（代表地址）
桃園市,大園敏盛醫院,桃園市大園區華中街二號
桃園市,晨新診所,桃園市蘆竹區中正路357號一．二．三樓
新竹縣,大安醫院,新竹縣竹北市博愛街318巷6號
新竹縣,中國醫藥大學新竹附設醫院,新竹縣竹北市興隆路一段199號
新竹縣,東元醫療社團法人東元綜合醫院,新竹縣竹北市縣政二路69號
新竹縣,國立臺灣大學醫學院附設醫院新竹臺大分院生醫醫院,新竹縣竹北市生醫路一段2號
新竹縣,普懷醫學診所,新竹縣竹北市嘉豐五路一段197號1-2樓
新竹縣,新仁醫院,新竹縣竹北市博愛街331號
新竹縣,天主教仁慈醫療財團法人仁慈醫院,新竹縣湖口鄉孝勢村忠孝路29號
新竹縣,竹信醫院,新竹縣竹東鎮仁愛路196號
新竹縣,林醫院,新竹縣竹東鎮東林路76號
新竹縣,臺北榮民總醫院新竹分院,新竹縣竹東鎮中豐路1段81號
苗栗縣,大眾醫院,苗栗縣竹南鎮照南里光復路304號
苗栗縣,慈祐醫院,苗栗縣竹南鎮民治街17號
苗栗縣,為恭醫療財團法人為恭紀念醫院,351苗栗縣頭份市東庄里仁愛路116號
苗栗縣,重光醫院,苗栗縣頭份市中華路1037、1039、1041、1043號
苗栗縣,通霄光田醫院,苗栗縣通霄鎮中山路88號
苗栗縣,大千綜合醫院,苗栗市恭敬路36號
苗栗縣,協和醫院,苗栗縣苗栗市中正路1367號
苗栗縣,梓榮醫療社團法人弘大醫院,苗栗縣苗栗市新東街125號
苗栗縣,衛生福利部苗栗醫院,苗栗縣苗栗市為公路747號
彰化縣,秀傳醫療社團法人秀傳紀念醫院,彰化縣彰化市南瑤里中山路1段542號
彰化縣,信生醫院,彰化縣彰化市民生里三民路312號
彰化縣,彰化基督教醫療財團法人彰化基督教醫院,彰化縣彰化市南校街135號、中華路176號、旭光路235、320號
彰化縣,彰化基督教醫療財團法人漢銘基督教醫院,彰化縣彰化市南興里中山路一段366號
彰化縣,仁佑診所,彰化縣花壇鄉長沙村忠孝街100號及100-1號及100-2號
彰化縣,秀傳醫療財團法人彰濱秀傳紀念醫院,彰化縣鹿港鎮鹿工路6號、6-2號
彰化縣,彰化基督教醫療財團法人鹿港基督教醫院,彰化縣鹿港鎮永安里中正路480號
彰化縣,道周醫療社團法人道周醫院,彰化縣和美鎮和光路180號、和善路118號
彰化縣,伸港忠孝醫院,彰化縣伸港鄉新港村忠孝路30號
彰化縣,員林何醫院,彰化縣員林市中山里民族街33號
彰化縣,員郭醫院,彰化縣員林市員林大道六段51號
彰化縣,員榮醫療社團法人員榮醫院,彰化縣員林市中正路201號、彰化縣員林市莒光路359號
彰化縣,惠來醫療社團法人宏仁醫院,彰化縣員林市惠來街89號
彰化縣,彰化基督教醫療財團法人員林基督教醫院,彰化縣員林鎮莒光路456號
彰化縣,衛生福利部彰化醫院,彰化縣埔心鄉舊館村中正路二段80號
彰化縣,道安醫院,彰化縣溪湖鎮光平里彰水路3段362號
彰化縣,仁和醫院,彰化縣田中鎮中路里中州路一段157號
彰化縣,建元醫院,彰化縣田中鎮中路里中南路三段512號1-5樓
彰化縣,卓醫院,彰化縣北斗鎮西安里中山路一段311號
彰化縣,南星醫院,彰化縣北斗鎮居仁里斗苑路一段26號
彰化縣,洪宗鄰醫療社團法人洪宗鄰醫院,彰化縣二林鎮中正路61號
彰化縣,彰化基督教醫療財團法人二林基督教醫院,彰化縣二林鎮南光里大成路一段558號
南投縣,彰化基督教醫療財團法人南投基督教醫院,南投縣南投市中興路870號
南投縣,衛生福利部南投醫院,南投縣南投市康壽里復興路478號
南投縣,佑民醫療社團法人佑民醫院,南投縣草屯鎮太平路一段200號
南投縣,曾漢棋綜合醫院,南投縣草屯鎮炎峰里虎山路915號
南投縣,衛生福利部草屯療養院,南投縣草屯鎮玉屏路161號
南投縣,埔基醫療財團法人埔里基督教醫院,南投縣埔里鎮愛蘭里鐵山路1號
南投縣,臺中榮民總醫院埔里分院,南投縣埔里鎮蜈蚣里榮光路1號
南投縣,竹山秀傳醫院,南投縣竹山鎮山崇里集山路2段75號
南投縣,東華醫院,(557)南投縣竹山鎮集山路三段272巷16號
雲林縣,天主教中華道明修女會醫療財團法人天主教福安醫院,雲林縣斗南鎮文昌路110號
雲林縣,天主教若瑟醫療財團法人若瑟醫院,雲林縣虎尾鎮新生路74號
雲林縣,長庚醫療財團法人雲林長庚紀念醫院,雲林縣麥寮鄉中興村工業路1500號
雲林縣,洪揚醫院,雲林縣斗六市文化路138號
雲林縣,國立成功大學醫學院附設醫院斗六分院,雲林縣斗六市莊敬路345號
雲林縣,國立臺灣大學醫學院附設醫院雲林分院,雲林縣斗六市雲林路二段579號
雲林縣,彰化基督教醫療財團法人雲林基督教醫院,雲林縣西螺鎮新豐里市場南路375號
雲林縣,中國醫藥大學北港附設醫院,雲林縣北港鎮新街里新德路123號
嘉義縣,臺中榮民總醫院灣橋分院,嘉義縣竹崎鄉灣橋村石麻園38號
嘉義縣,長庚醫療財團法人嘉義長庚紀念醫院,嘉義縣朴子市仁和里嘉朴路西段6號、8號
嘉義縣,衛生福利部朴子醫院,嘉義縣朴子市永和里42-50號
嘉義縣,佛教慈濟醫療財團法人大林慈濟醫院,嘉義縣大林鎮平林里民生路2號
屏東縣,民眾醫院,屏東縣屏東市忠孝路120之1號
屏東縣,屏基醫療財團法人屏東基督教醫院,屏東縣屏東市華山里大連路60號
屏東縣,國仁醫院,屏東縣屏東市民生東路122號
屏東縣,國軍高雄總醫院屏東分院附設民眾診療服務處,屏東縣屏東市大湖路58巷22號
屏東縣,衛生福利部屏東醫院,屏東縣屏東市自由路270號
屏東縣,寶建醫療社團法人寶建醫院,屏東市空翔里中山路123號.屏東市自由路650-1號Ｂ1
屏東縣,高雄榮民總醫院屏東分院,屏東縣內埔鄉龍潭村昭勝路安平一巷1號
屏東縣,安泰醫療社團法人潮州安泰醫院,屏東縣潮州鎮三星里四維路162號
屏東縣,茂隆骨科醫院,屏東縣潮州鎮朝昇路322號
屏東縣,安泰醫療社團法人安泰醫院,屏東縣東港鎮興東里中正路一段210號
屏東縣,輔英科技大學附設醫院,屏東縣東港鎮興台里中山路5號
屏東縣,枋寮醫療社團法人枋寮醫院,屏東縣枋寮鄉安樂村中山路139號
屏東縣,南門醫療社團法人南門醫院,屏東縣恆春鎮南門路10號
屏東縣,恆基醫療財團法人恆春基督教醫院,屏東縣恆春鎮山腳里恆西路21號
屏東縣,衛生福利部恆春旅遊醫院,屏東縣恆春鎮山腳里恆南路188號
臺東縣,天主教花蓮教區醫療財團法人台東聖母醫院,臺東縣台東市民族里21鄰杭州街2號
臺東縣,台灣基督長老教會馬偕醫療財團法人台東馬偕紀念醫院,台東縣台東市長沙街303巷1號
臺東縣,東基醫療財團法人台東基督教醫院,台東縣台東市開封街350號
臺東縣,臺北榮民總醫院臺東分院,台東縣台東市南榮里更生路1000號
臺東縣,衛生福利部臺東醫院,台東縣台東市五權街1號
臺東縣,佛教慈濟醫療財團法人關山慈濟醫院,台東縣關山鎮和平路125-5號
花蓮縣,北國泰聯合診所,花蓮縣花蓮市府前路580號
花蓮縣,佛教慈濟醫療財團法人花蓮慈濟醫院,花蓮縣花蓮市中央路3段707號
花蓮縣,臺灣基督教門諾會醫療財團法人門諾醫院,花蓮市民權路44號
花蓮縣,衛生福利部花蓮醫院,花蓮縣花蓮市中正路600號
花蓮縣,國軍花蓮總醫院附設民眾診療服務處,花蓮縣新城鄉嘉里路163號
花蓮縣,臺北榮民總醫院鳳林分院,花蓮縣鳳林鎮鳳信里18鄰中正路一段2號
花蓮縣,佛教慈濟醫療財團法人玉里慈濟醫院,花蓮縣玉里鎮民權街1-1號
花蓮縣,臺北榮民總醫院玉里分院,花蓮縣玉里鎮泰昌里新興街91號
花蓮縣,衛生福利部玉里醫院,花蓮縣玉里鎮中華路448號
澎湖縣,三軍總醫院澎湖分院附設民眾診療服務處,澎湖縣馬公市前寮里90號
澎湖縣,三軍總醫院澎湖分院附設民眾診療服務處,澎湖縣馬公市前寮里90號
澎湖縣,天主教靈醫會醫療財團法人惠民醫院,澎湖縣馬公市樹德路14號
澎湖縣,衛生福利部澎湖醫院,澎湖縣馬公市啟明里中正路10號
基隆市,仁祥診所,基隆市仁愛區忠一路20號1、2樓
基隆市,基隆市立醫院,基隆市信義區東信路282號
基隆市,衛生福利部基隆醫院,基隆市信義區信二路268號
基隆市,三軍總醫院基隆分院附設民眾診療服務處,基隆市中正區正榮街100號，基隆市仁愛區孝二路39號2樓
基隆市,長庚醫療財團法人基隆長庚紀念醫院,基隆市安樂區麥金路222號/基金一路208巷200號
基隆市,醫療財團法人臺灣區煤礦業基金會臺灣礦工醫院,基隆市暖暖區源遠路29號
臺中市,仁愛醫療財團法人台中仁愛醫院,台中市中區柳岸里柳川東路三段36號
臺中市,澄清綜合醫院,台中市中區平等街139號
臺中市,中國醫藥大學附設醫院台中東區分院,台中市東區自由路3段296號
臺中市,台新醫院,台中市東區東信里振興路439-3號及441號
臺中市,臺安醫院,台中市東區進化路203號
臺中市,中山醫學大學附設醫院,台中市南區建國北路一段110號
臺中市,宏恩醫院,台中市南區和平里復興路二段38-13號
臺中市,日健診所,臺中市西區臺灣大道2段218號17樓
臺中市,長春診所,臺中市西區臺灣大道二段501號3樓之1、3樓之2
臺中市,衛生福利部臺中醫院,台中市西區三民路一段199號
臺中市,中國醫藥大學附設醫院,台中市北區育德路2號
臺中市,國軍臺中總醫院中清分院附設民眾診療服務處,台中市北區忠明路500號
臺中市,臺安醫院雙十分院,台中市北區雙十路二段29號
臺中市,弘光科技大學附設老人醫院,台中市北屯區太原路三段1141號
臺中市,全民醫院,台中市北屯區中清路二段516號
臺中市,聯安醫院,台中市北屯區東光里東山路一段37號
臺中市,美兆診所,臺中市西屯區工業區一路2巷3號12樓之1
臺中市,晨悅診所,台中市西屯區市政北二路282號25樓B戶、C戶、D戶
臺中市,臺中榮民總醫院,台中市西屯區臺灣大道4段 1650號
臺中市,澄清復健醫院,(407)臺中市西屯區敬德街8-1號
臺中市,澄清綜合醫院中港分院,台中市西屯區臺灣大道4段966號
臺中市,友仁醫院,台中市南屯區五權西路2段197號
臺中市,林新醫療社團法人林新醫院,台中市南屯區惠中路3段36號
臺中市,醫療財團法人正德癌症醫療基金會佛教正德醫院,臺中市南屯區文心南五路三段100號
臺中市,長安醫院,臺中市太平區永平路1段9號
臺中市,國軍臺中總醫院附設民眾診療服務處,台中市太平區中山路2段348號
臺中市,新太平澄清醫院,臺中市太平區中興路100號
臺中市,賢德醫院,臺中市太平區宜昌路420號
臺中市,仁愛醫療財團法人大里仁愛醫院,台中市大里區東榮路483號
臺中市,新菩提醫院,台中市大里區中興路2段621號
臺中市,霧峰澄清醫院,臺中市大里區成功路55號
臺中市,本堂澄清醫院,台中市霧峰區中正路718號
臺中市,亞洲大學附屬醫院,臺中市霧峰區福新路222號
臺中市,林新醫療社團法人烏日林新醫院,臺中市烏日區榮和路168號
臺中市,烏日澄清醫院,台中市烏日區前竹里光明路419號
臺中市,中國醫藥大學附設醫院豐原分院,台中市豐原區中正路199號
臺中市,杏豐醫院,臺中市豐原區三民路106號
臺中市,惠盛醫院,臺中市豐原區中正路268號
臺中市,漢忠醫院,臺中市豐原區中正路218號、212巷1-1號
臺中市,衛生福利部豐原醫院,台中市豐原區安康路100號
臺中市,豐安醫院,台中市豐原區中正路115號
臺中市,東勢區農會附設農民醫院,台中市東勢區南平里豐勢路297號
臺中市,臺中市和平區梨山衛生所,臺中市和平區中正路68號
臺中市,佛教慈濟醫療財團法人台中慈濟醫院,台中市潭子區豐興路1段88號
臺中市,中部科學工業園區員工診所,臺中市大雅區中科路6之6號1樓
臺中市,清泉醫院,臺中市大雅區三和里雅潭路四段80號
臺中市,光田醫療社團法人光田綜合醫院,台中市沙鹿區沙田路117號、台中市大甲區經國路321號(大甲院區)
臺中市,明德醫院,台中市梧棲區中正里仁美街33巷50號
臺中市,童綜合醫療社團法人童綜合醫院,臺中市梧棲區臺灣大道八段699號
臺中市,李綜合醫療社團法人大甲李綜合醫院,台中市大甲區八德街2號
臺南市,永和醫院,台南市中區福安里府前路一段304巷2號
臺南市,國泰功醫診所,臺南市中西區小西里永福路一段185號2樓
臺南市,郭綜合醫院,台南市中西區民生路二段22號
臺南市,衛生福利部臺南醫院,台南市中區中山路125號
臺南市,仁愛醫療社團法人仁愛醫院,台南市東區北門路一段10號及北門路一段30巷16號
臺南市,台南市立醫院(委託秀傳醫療社團法人經營),臺南市東區崇德路670號
臺南市,台灣基督長老教會新樓醫療財團法人台南新樓醫院,台南市東區泉北里東門路1段57號
臺南市,國立成功大學醫學院附設醫院,台南市北區勝利路138號
臺南市,開元寺慈愛醫院,台南市北區北園街89-1號
臺南市,臺南市立安南醫院－委託中國醫藥大學興建經營,臺南市安南區長和路二段66號
臺南市,永達醫療社團法人永達醫院,臺南市永康區永大路二段1326號
臺南市,奇美醫療財團法人奇美醫院,臺南市永康區中華路901號
臺南市,高雄榮民總醫院臺南分院,臺南市永康區復興里復興路427號
臺南市,衛生福利部臺南醫院新化分院,臺南市新化區那拔里牧場72號
臺南市,衛生福利部胸腔病院,臺南市仁德區中山路864號
臺南市,衛生福利部嘉南療養院,臺南市仁德區裕忠路539號
臺南市,台灣基督長老教會新樓醫療財團法人麻豆新樓醫院,臺南市麻豆區小埤里苓子林20號
臺南市,奇美醫療財團法人佳里奇美醫院,臺南市佳里區佳興里佳里興606號
臺南市,新生醫院,臺南市佳里區新生路272號，297號1-4樓
臺南市,杏仁診所,臺南市新營區民有街27號
臺南市,新興醫療社團法人新興醫院,臺南市新營區中興路10號
臺南市,衛生福利部新營醫院,臺南市新營區忠政里信義街73號
臺南市,營新醫院,臺南市新營區隋唐街228號
臺南市,奇美醫療財團法人柳營奇美醫院,臺南市柳營區太康里201號
臺南市,宏科醫院,臺南市善化區南關里三民路1-35號
臺南市,台南科學工業園區聯合診所,臺南市新市區南科三路7號一樓
高雄市,七賢脊椎外科醫院,高雄市新興區七賢一路420號Ｂ1-8樓
高雄市,美兆診所,高雄市新興區中正二路182號14樓之3、15樓之3
高雄市,健和診所,高雄市新興區青年一路278號1至4樓
高雄市,惠仁醫院,高雄市新興區中山一路67．69號之2
高雄市,中正脊椎骨科醫院,高雄市前金區中正四路100號地下1樓，地上13樓
高雄市,高雄市立大同醫院(委託財團法人私立高雄醫學大學附設中和紀念醫院經營),高雄市前金區中華三路68號
高雄市,乃榮醫療社團法人乃榮醫院,高雄市苓雅區三多二路226.228號.地下1樓-5樓
高雄市,天主教聖功醫療財團法人聖功醫院,高雄市苓雅區建國一路352號
高雄市,阮綜合醫療社團法人阮綜合醫院,高雄市苓雅區成功一路162號.四維四路136號.166號.永昌街49號
高雄市,邱外科醫院,高雄市苓雅區成功一路137號1-6樓
高雄市,信義醫療財團法人高雄基督教醫院,高雄市苓雅區華新街86號
高雄市,高雄市立民生醫院,高雄市苓雅區凱旋二路134號
高雄市,國軍高雄總醫院附設民眾診療服務處,高雄市苓雅區建軍路5號
高雄市,正大醫院,高雄市鼓山區鼓山三路128-9號
高雄市,高雄市立聯合醫院,高雄市鼓山區中華一路976號Ｂ1-9Ｆ
高雄市,晶英康健診所,高雄市鼓山區龍德路473號1樓
高雄市,高雄市立旗津醫院(委託財團法人私立高雄醫學大學經營),高雄市旗津區旗港路33號
高雄市,文雄醫院,高雄市三民區察哈爾二街132號地下1層地上1至5層
高雄市,佑康診所,高雄市三民區博愛一路28號5樓及6樓
高雄市,祐生醫院,高雄市三民區鳳北里建國三路60號
高雄市,財團法人私立高雄醫學大學附設中和紀念醫院,高雄市三民區十全一路100號
高雄市,愛仁醫療社團法人愛仁醫院,高雄市三民區民族一路45號1樓至4樓及49．51號1樓至4樓
高雄市,新高醫院,高雄市三民區莊敬路288號1-9樓
高雄市,義大醫療財團法人義大大昌醫院,高雄市三民區大昌一路305號地下1樓至6樓
高雄市,日月光半導體製造股份有限公司附設員工醫務室,高雄市楠梓區經五路123號6、7樓
高雄市,右昌聯合醫院,高雄市楠梓區軍校路930號Ｂ1至9樓
高雄市,右昌聯合醫院,高雄市楠梓區軍校路930號Ｂ1至9樓
高雄市,台灣中油股份有限公司煉製事業部國光聯合診所,高雄市楠梓區後昌路546巷2號1-2樓
高雄市,長春醫院,高雄市楠梓區右昌街331號1-5樓
高雄市,健仁醫院,高雄市楠梓區中陽里楠陽路136號
高雄市,安泰醫院,高雄市小港區學府路111號
高雄市,高雄市立小港醫院（委託財團法人私立高雄醫學大學經營）,高雄市小港區山明里山明路482號
高雄市,高雄榮民總醫院,高雄市左營區大中一路386號
高雄市,國軍高雄總醫院左營分院附設民眾診療服務處,高雄市左營區合群里軍校路553號
高雄市,博田國際醫院,高雄市左營區博愛二路100號
高雄市,晴美自由診所,高雄市左營區自由三路337號1-5樓
高雄市,馨蕙馨醫院,高雄市左營區明誠二路五四一號
高雄市,光雄長安醫院,高雄市岡山區岡山路380-1號
高雄市,高雄市立岡山醫院（委託秀傳醫療社團法人經營）,高雄市岡山區壽天路12號
高雄市,國軍高雄總醫院岡山分院附設民眾診療服務處,高雄市岡山區大義二路1號
高雄市,惠川醫院,高雄市岡山區岡山路92號
高雄市,劉嘉修醫院,高雄市岡山區岡山路426及428號
高雄市,高新醫院,高雄市路竹區中山路627號
高雄市,溫賀睿和醫院,高雄市路竹區竹南里延平路57號
高雄市,義大醫療財團法人義大醫院,高雄市燕巢區角宿里義大路1號
高雄市,大東醫院,高雄市鳳山區三民里光遠路171-2號
高雄市,杏和醫院,高雄市鳳山區五甲二路385號、387號、389號、391號B1-9樓、470號1樓
高雄市,高雄市立鳳山醫院（委託長庚醫療財團法人經營）,高雄市鳳山區經武路42號
高雄市,惠德醫院,高雄市鳳山區福祥街81號1．2樓
高雄市,新高鳳醫院,高雄市鳳山區光遠路360號1-7樓
高雄市,瑞生醫院,高雄市大寮區鳳林四路192號
高雄市,建佑醫院,高雄市林園區東林西路360，362號，399號，407巷7號
高雄市,霖園醫院,高雄市林園區林園里林園北路244號
高雄市,長庚醫療財團法人高雄長庚紀念醫院,高雄市鳥松區大埤路123號
高雄市,廣聖醫療社團法人廣聖醫院,高雄市旗山區中華路618號1-6樓
高雄市,衛生福利部旗山醫院,高雄市旗山區大德里中學路60號
高雄市,高雄市桃源區衛生所,高雄市桃源區桃源里南進巷188-1號
臺北市,立達診所,(100)臺北市中正區忠孝東路1段54號、54之1號、54之2號、54號2樓、54號3樓
臺北市,和眾綜合診所,臺北市中正區忠孝西路一段6號
臺北市,美兆診所,台北市中正區忠孝西路1段66號44.45樓
臺北市,國立臺灣大學醫學院附設醫院,台北市中正區中山南路7、8號；常德街1號
臺北市,醫療財團法人好心肝基金會好心肝診所,台北市中正區公園路30號2樓之2、8樓之1、8樓之2
臺北市,醫療財團法人徐元智先生醫藥基金會遠東聯合診所,台北市中正區永綏街8至14號
臺北市,梅約內科診所,台北市大同區長安西路88號1、2、3樓
臺北市,臺北市立聯合醫院,台北市大同區鄭州路145號（代表）
臺北市,台灣基督長老教會馬偕醫療財團法人馬偕紀念醫院,台北市中山區中山北路2段92號
臺北市,民生承安診所,台北市中山區民生東路3段90號1、2樓
臺北市,啟新診所,台北市中山區建國北路3段42號5樓6樓
臺北市,創健診所,台北市中山區復興北路378號地下1層
臺北市,三軍總醫院松山分院附設民眾診療服務處,台北市松山區健康路131號
臺北市,交通部民用航空局航空醫務中心,台北市松山區敦化北路405巷123弄10號
臺北市,長庚醫療財團法人台北長庚紀念醫院,台北市松山區敦化北路199號
臺北市,博仁綜合醫院,台北市松山區光復北路66、68號
臺北市,聯安診所,台北市松山區南京東路4段16號地下2樓
臺北市,中山醫療社團法人中山醫院,台北市大安區仁愛路4段112巷11號
臺北市,中心診所醫療財團法人中心綜合醫院,台北市大安區忠孝東路4段77號
臺北市,尹書田醫療財團法人書田泌尿科眼科診所,台北市大安區建國南路2段276號1樓、278號1樓
臺北市,宏恩醫療財團法人宏恩綜合醫院,台北市大安區仁愛路4段71巷1號
臺北市,秀傳醫院,臺北市大安區光復南路116巷1、3、5號1至4樓
臺北市,國立臺灣大學醫學院附設癌醫中心醫院,臺北市大安區基隆路3段155巷57號
臺北市,國泰醫療財團法人國泰綜合醫院,台北市大安區仁愛路4段280號，266巷6號
臺北市,基督復臨安息日會醫療財團法人臺安診所,台北市大安區敦化南路2段76號11樓
臺北市,富盈診所,臺北市大安區基隆路2段172之1號2樓、2樓之1、之2、之3
臺北市,富霖診所,台北市大安區敦化南路2段333、335號4樓
臺北市,同仁院醫療財團法人萬華醫院,台北市萬華區中華路2段606巷6號
臺北市,西園醫療社團法人西園醫院,台北市萬華區西園路2段185、187、189、266號
臺北市,財團法人台灣省私立台北仁濟院附設仁濟醫院,台北市萬華區廣州街200．243號
臺北市,國立臺灣大學醫學院附設醫院北護分院,台北市萬華區康定路37號、台北市萬華區內江街87號
臺北市,信義101健康管理診所,臺北市信義區信義路5段8號4樓
臺北市,健康吉美診所,台北市信義區基隆路1段176號16樓
臺北市,臺北醫學大學附設醫院,台北市信義區吳興街252號
臺北市,新光醫療財團法人新光吳火獅紀念醫院,台北市士林區文昌路95號及士商路51號1至7樓53、55號
臺北市,三軍總醫院北投分院附設民眾診療服務處,台北市北投區新民路60號　中和街250號
臺北市,振興醫療財團法人振興醫院,台北市北投區振興街45號
臺北市,臺北市立關渡醫院-委託臺北榮民總醫院經營,台北市北投區知行路225巷12號
臺北市,臺北榮民總醫院,台北市北投區石牌路2段201號
臺北市,醫療財團法人辜公亮基金會和信治癌中心醫院,台北市北投區立德路125號
臺北市,三軍總醫院附設民眾診療服務處,臺北市內湖區成功路二段325號;臺北市中正區汀州路3段40號
臺北市,中國醫藥大學附設醫院臺北分院,台北市內湖區內湖路2段360號
臺北市,哈佛診所,臺北市內湖區內湖路1段296號(1、2樓)、300號2樓、300號2樓之1
臺北市,國泰醫療財團法人內湖國泰診所,台北市內湖區瑞光路504、506號1、2樓
臺北市,康寧醫療財團法人康寧醫院,台北市內湖區成功路5段420巷26號
臺北市,瑞成診所,台北市內湖區瑞光路258巷31號7樓
臺北市,全心醫學陳醫師診所,台北市文山區羅斯福路6段407號2樓、2樓之1
臺北市,景美醫院,台北市文山區羅斯福路6段280號
臺北市,臺北市立萬芳醫院－委託財團法人臺北醫學大學辦理,台北市文山區興隆路3段111號
金門縣,三大診所,金門縣金湖鎮復興西路2號3樓
金門縣,衛生福利部金門醫院,金門縣金湖鎮復興路2號
金門縣,衛生福利部金門醫院,金門縣金湖鎮復興路2號
金門縣,台大中心診所,金門縣金城鎮民權路226巷1弄20號
金門縣,健康診所,金門縣金城鎮民權路27號3Ｆ
連江縣,連江縣立醫院,連江縣南竿鄉復興村217號
新竹市,台安耳鼻喉科診所,新竹市北區北大路466號
新竹市,台灣基督長老教會馬偕醫療財團法人新竹馬偕紀念醫院,新竹市東區光復路二段690號
新竹市,民安診所,新竹市北區新民里北大路282號7樓
新竹市,安慎健康管理診所,新竹市北區演藝路23號1樓、地下一樓及25號1樓
新竹市,安慎診所,新竹市東區中央路128號
新竹市,南門綜合醫院,新竹市東區林森路20號
新竹市,財團法人台灣省私立桃園仁愛之家附設新竹新生醫院,新竹市北區興南里西門街120號
新竹市,國立臺灣大學醫學院附設醫院新竹臺大分院新竹醫院,新竹市北區金華里經國路一段442巷25號
新竹市,國軍桃園總醫院新竹分院附設民眾診療服務處,新竹市北區武陵路3號
新竹市,國泰醫療財團法人新竹國泰綜合醫院,新竹市東區福德里中華路二段678號及678號之1
新竹市,新中興醫院,新竹市興南街43號
新竹市,新竹科學工業園區員工診所,新竹市東區科園里工業東二路2號
嘉義市,仁德醫療社團法人陳仁德醫院,嘉義市西區林森西路285號
嘉義市,天主教中華聖母修女會醫療財團法人天主教聖馬爾定醫院,嘉義市東區大雅路二段565號
嘉義市,安心醫院,嘉義市西區新民路88號
嘉義市,信合美診所,嘉義市西區興業西路87、89號
嘉義市,陽明醫院,嘉義市東區吳鳳北路252號
嘉義市,臺中榮民總醫院嘉義分院,嘉義市西區劉厝里世賢路2段600號
嘉義市,慶昇醫療社團法人慶昇醫院,嘉義市西區新榮路339、339-1號
嘉義市,衛生福利部嘉義醫院,嘉義市西區福全里北港路312號
嘉義市,戴德森醫療財團法人嘉義基督教醫院,嘉義市東區中庄里忠孝路539號、642號、保健街100號
